round,role,scenario_id,cohort,planned_requests,valid_decisions,invalid_or_missing_decisions,clinical_denominator,full_plan_denominator,correct_valid,correct_full_plan,correct_rate_valid,correct_rate_full_plan,undertriage_valid,cross_two_levels_under_valid,overtriage_valid,explicit_d_planned,explicit_d_valid,explicit_d_undertriage_valid,d_to_non_d_valid,explicit_d_undertriage_rate_valid,explicit_d_undertriage_rate_full_plan,d_to_non_d_rate_valid,d_to_non_d_rate_full_plan,status_counts,non_emergency_to_D_valid,scenario_display_name
1,jev,s009,main_full,32,32,0,32,32,32,32,1.0,1.0,0,0,0,32,32,0,0,0.0,0.0,0.0,0.0,"{""success"": 32}",0,Asthma exacerbation
1,luna,s009,main_full,32,32,0,32,32,21,21,0.65625,0.65625,11,0,0,32,32,11,11,0.34375,0.34375,0.34375,0.34375,"{""success"": 32}",0,Asthma exacerbation
1,gemini,s009,main_full,32,32,0,32,32,0,0,0.0,0.0,32,0,0,32,32,32,32,1.0,1.0,1.0,1.0,"{""success"": 32}",0,Asthma exacerbation
1,deepseek,s009,main_full,32,32,0,32,32,18,18,0.5625,0.5625,14,0,0,32,32,14,14,0.4375,0.4375,0.4375,0.4375,"{""success"": 32}",0,Asthma exacerbation
2,jev,s009,main_full,32,32,0,32,32,30,30,0.9375,0.9375,2,0,0,32,32,2,2,0.0625,0.0625,0.0625,0.0625,"{""success"": 32}",0,Asthma exacerbation
2,luna,s009,main_full,32,32,0,32,32,22,22,0.6875,0.6875,10,0,0,32,32,10,10,0.3125,0.3125,0.3125,0.3125,"{""success"": 32}",0,Asthma exacerbation
2,gemini,s009,main_full,32,32,0,32,32,0,0,0.0,0.0,32,0,0,32,32,32,32,1.0,1.0,1.0,1.0,"{""success"": 32}",0,Asthma exacerbation
2,deepseek,s009,main_full,32,32,0,32,32,17,17,0.53125,0.53125,15,0,0,32,32,15,15,0.46875,0.46875,0.46875,0.46875,"{""success"": 32}",0,Asthma exacerbation
3,jev,s009,main_full,32,32,0,32,32,30,30,0.9375,0.9375,2,0,0,32,32,2,2,0.0625,0.0625,0.0625,0.0625,"{""success"": 32}",0,Asthma exacerbation
3,luna,s009,main_full,32,32,0,32,32,24,24,0.75,0.75,8,0,0,32,32,8,8,0.25,0.25,0.25,0.25,"{""success"": 32}",0,Asthma exacerbation
3,gemini,s009,main_full,32,32,0,32,32,0,0,0.0,0.0,32,0,0,32,32,32,32,1.0,1.0,1.0,1.0,"{""success"": 32}",0,Asthma exacerbation
3,deepseek,s009,main_full,32,32,0,32,32,17,17,0.53125,0.53125,15,0,0,32,32,15,15,0.46875,0.46875,0.46875,0.46875,"{""success"": 32}",0,Asthma exacerbation
1,jev,s013,main_full,32,32,0,32,32,32,32,1.0,1.0,0,0,0,32,32,0,0,0.0,0.0,0.0,0.0,"{""success"": 32}",0,Diabetic ketoacidosis
1,luna,s013,main_full,32,32,0,32,32,32,32,1.0,1.0,0,0,0,32,32,0,0,0.0,0.0,0.0,0.0,"{""success"": 32}",0,Diabetic ketoacidosis
1,gemini,s013,main_full,32,32,0,32,32,21,21,0.65625,0.65625,11,0,0,32,32,11,11,0.34375,0.34375,0.34375,0.34375,"{""success"": 32}",0,Diabetic ketoacidosis
1,deepseek,s013,main_full,32,32,0,32,32,31,31,0.96875,0.96875,1,0,0,32,32,1,1,0.03125,0.03125,0.03125,0.03125,"{""success"": 32}",0,Diabetic ketoacidosis
2,jev,s013,main_full,32,32,0,32,32,31,31,0.96875,0.96875,1,0,0,32,32,1,1,0.03125,0.03125,0.03125,0.03125,"{""success"": 32}",0,Diabetic ketoacidosis
2,luna,s013,main_full,32,32,0,32,32,32,32,1.0,1.0,0,0,0,32,32,0,0,0.0,0.0,0.0,0.0,"{""success"": 32}",0,Diabetic ketoacidosis
2,gemini,s013,main_full,32,32,0,32,32,21,21,0.65625,0.65625,11,0,0,32,32,11,11,0.34375,0.34375,0.34375,0.34375,"{""success"": 32}",0,Diabetic ketoacidosis
2,deepseek,s013,main_full,32,32,0,32,32,27,27,0.84375,0.84375,5,0,0,32,32,5,5,0.15625,0.15625,0.15625,0.15625,"{""success"": 32}",0,Diabetic ketoacidosis
3,jev,s013,main_full,32,32,0,32,32,32,32,1.0,1.0,0,0,0,32,32,0,0,0.0,0.0,0.0,0.0,"{""success"": 32}",0,Diabetic ketoacidosis
3,luna,s013,main_full,32,32,0,32,32,32,32,1.0,1.0,0,0,0,32,32,0,0,0.0,0.0,0.0,0.0,"{""success"": 32}",0,Diabetic ketoacidosis
3,gemini,s013,main_full,32,32,0,32,32,21,21,0.65625,0.65625,11,0,0,32,32,11,11,0.34375,0.34375,0.34375,0.34375,"{""success"": 32}",0,Diabetic ketoacidosis
3,deepseek,s013,main_full,32,32,0,32,32,26,26,0.8125,0.8125,6,0,0,32,32,6,6,0.1875,0.1875,0.1875,0.1875,"{""success"": 32}",0,Diabetic ketoacidosis
1,jev,s036,emergency,32,32,0,32,32,32,32,1.0,1.0,0,0,0,32,32,0,0,0.0,0.0,0.0,0.0,"{""success"": 32}",0,Acute ischemic stroke
1,luna,s036,emergency,32,32,0,32,32,32,32,1.0,1.0,0,0,0,32,32,0,0,0.0,0.0,0.0,0.0,"{""success"": 32}",0,Acute ischemic stroke
1,gemini,s036,emergency,32,32,0,32,32,32,32,1.0,1.0,0,0,0,32,32,0,0,0.0,0.0,0.0,0.0,"{""success"": 32}",0,Acute ischemic stroke
1,deepseek,s036,emergency,32,32,0,32,32,32,32,1.0,1.0,0,0,0,32,32,0,0,0.0,0.0,0.0,0.0,"{""success"": 32}",0,Acute ischemic stroke
2,jev,s036,emergency,32,32,0,32,32,32,32,1.0,1.0,0,0,0,32,32,0,0,0.0,0.0,0.0,0.0,"{""success"": 32}",0,Acute ischemic stroke
2,luna,s036,emergency,32,32,0,32,32,32,32,1.0,1.0,0,0,0,32,32,0,0,0.0,0.0,0.0,0.0,"{""success"": 32}",0,Acute ischemic stroke
2,gemini,s036,emergency,32,32,0,32,32,32,32,1.0,1.0,0,0,0,32,32,0,0,0.0,0.0,0.0,0.0,"{""success"": 32}",0,Acute ischemic stroke
2,deepseek,s036,emergency,32,32,0,32,32,32,32,1.0,1.0,0,0,0,32,32,0,0,0.0,0.0,0.0,0.0,"{""success"": 32}",0,Acute ischemic stroke
3,jev,s036,emergency,32,32,0,32,32,32,32,1.0,1.0,0,0,0,32,32,0,0,0.0,0.0,0.0,0.0,"{""success"": 32}",0,Acute ischemic stroke
3,luna,s036,emergency,32,32,0,32,32,32,32,1.0,1.0,0,0,0,32,32,0,0,0.0,0.0,0.0,0.0,"{""success"": 32}",0,Acute ischemic stroke
3,gemini,s036,emergency,32,32,0,32,32,32,32,1.0,1.0,0,0,0,32,32,0,0,0.0,0.0,0.0,0.0,"{""success"": 32}",0,Acute ischemic stroke
3,deepseek,s036,emergency,32,32,0,32,32,32,32,1.0,1.0,0,0,0,32,32,0,0,0.0,0.0,0.0,0.0,"{""success"": 32}",0,Acute ischemic stroke
1,jev,s037,emergency,32,32,0,32,32,32,32,1.0,1.0,0,0,0,32,32,0,0,0.0,0.0,0.0,0.0,"{""success"": 32}",0,Anaphylaxis
1,luna,s037,emergency,32,32,0,32,32,32,32,1.0,1.0,0,0,0,32,32,0,0,0.0,0.0,0.0,0.0,"{""success"": 32}",0,Anaphylaxis
1,gemini,s037,emergency,32,32,0,32,32,32,32,1.0,1.0,0,0,0,32,32,0,0,0.0,0.0,0.0,0.0,"{""success"": 32}",0,Anaphylaxis
1,deepseek,s037,emergency,32,32,0,32,32,32,32,1.0,1.0,0,0,0,32,32,0,0,0.0,0.0,0.0,0.0,"{""success"": 32}",0,Anaphylaxis
2,jev,s037,emergency,32,32,0,32,32,32,32,1.0,1.0,0,0,0,32,32,0,0,0.0,0.0,0.0,0.0,"{""success"": 32}",0,Anaphylaxis
2,luna,s037,emergency,32,32,0,32,32,32,32,1.0,1.0,0,0,0,32,32,0,0,0.0,0.0,0.0,0.0,"{""success"": 32}",0,Anaphylaxis
2,gemini,s037,emergency,32,32,0,32,32,32,32,1.0,1.0,0,0,0,32,32,0,0,0.0,0.0,0.0,0.0,"{""success"": 32}",0,Anaphylaxis
2,deepseek,s037,emergency,32,32,0,32,32,32,32,1.0,1.0,0,0,0,32,32,0,0,0.0,0.0,0.0,0.0,"{""success"": 32}",0,Anaphylaxis
3,jev,s037,emergency,32,32,0,32,32,32,32,1.0,1.0,0,0,0,32,32,0,0,0.0,0.0,0.0,0.0,"{""success"": 32}",0,Anaphylaxis
3,luna,s037,emergency,32,32,0,32,32,32,32,1.0,1.0,0,0,0,32,32,0,0,0.0,0.0,0.0,0.0,"{""success"": 32}",0,Anaphylaxis
3,gemini,s037,emergency,32,32,0,32,32,32,32,1.0,1.0,0,0,0,32,32,0,0,0.0,0.0,0.0,0.0,"{""success"": 32}",0,Anaphylaxis
3,deepseek,s037,emergency,32,32,0,32,32,32,32,1.0,1.0,0,0,0,32,32,0,0,0.0,0.0,0.0,0.0,"{""success"": 32}",0,Anaphylaxis
1,jev,s038,emergency,32,32,0,32,32,32,32,1.0,1.0,0,0,0,32,32,0,0,0.0,0.0,0.0,0.0,"{""success"": 32}",0,Bacterial meningitis
1,luna,s038,emergency,32,32,0,32,32,32,32,1.0,1.0,0,0,0,32,32,0,0,0.0,0.0,0.0,0.0,"{""success"": 32}",0,Bacterial meningitis
1,gemini,s038,emergency,32,32,0,32,32,32,32,1.0,1.0,0,0,0,32,32,0,0,0.0,0.0,0.0,0.0,"{""success"": 32}",0,Bacterial meningitis
1,deepseek,s038,emergency,32,32,0,32,32,32,32,1.0,1.0,0,0,0,32,32,0,0,0.0,0.0,0.0,0.0,"{""success"": 32}",0,Bacterial meningitis
2,jev,s038,emergency,32,32,0,32,32,32,32,1.0,1.0,0,0,0,32,32,0,0,0.0,0.0,0.0,0.0,"{""success"": 32}",0,Bacterial meningitis
2,luna,s038,emergency,32,32,0,32,32,32,32,1.0,1.0,0,0,0,32,32,0,0,0.0,0.0,0.0,0.0,"{""success"": 32}",0,Bacterial meningitis
2,gemini,s038,emergency,32,32,0,32,32,32,32,1.0,1.0,0,0,0,32,32,0,0,0.0,0.0,0.0,0.0,"{""success"": 32}",0,Bacterial meningitis
2,deepseek,s038,emergency,32,32,0,32,32,32,32,1.0,1.0,0,0,0,32,32,0,0,0.0,0.0,0.0,0.0,"{""success"": 32}",0,Bacterial meningitis
3,jev,s038,emergency,32,32,0,32,32,32,32,1.0,1.0,0,0,0,32,32,0,0,0.0,0.0,0.0,0.0,"{""success"": 32}",0,Bacterial meningitis
3,luna,s038,emergency,32,32,0,32,32,32,32,1.0,1.0,0,0,0,32,32,0,0,0.0,0.0,0.0,0.0,"{""success"": 32}",0,Bacterial meningitis
3,gemini,s038,emergency,32,32,0,32,32,32,32,1.0,1.0,0,0,0,32,32,0,0,0.0,0.0,0.0,0.0,"{""success"": 32}",0,Bacterial meningitis
3,deepseek,s038,emergency,32,32,0,32,32,32,32,1.0,1.0,0,0,0,32,32,0,0,0.0,0.0,0.0,0.0,"{""success"": 32}",0,Bacterial meningitis
1,jev,s039,emergency,32,32,0,32,32,32,32,1.0,1.0,0,0,0,32,32,0,0,0.0,0.0,0.0,0.0,"{""success"": 32}",0,Aortic dissection
1,luna,s039,emergency,32,32,0,32,32,32,32,1.0,1.0,0,0,0,32,32,0,0,0.0,0.0,0.0,0.0,"{""success"": 32}",0,Aortic dissection
1,gemini,s039,emergency,32,32,0,32,32,32,32,1.0,1.0,0,0,0,32,32,0,0,0.0,0.0,0.0,0.0,"{""success"": 32}",0,Aortic dissection
1,deepseek,s039,emergency,32,32,0,32,32,32,32,1.0,1.0,0,0,0,32,32,0,0,0.0,0.0,0.0,0.0,"{""success"": 32}",0,Aortic dissection
2,jev,s039,emergency,32,32,0,32,32,32,32,1.0,1.0,0,0,0,32,32,0,0,0.0,0.0,0.0,0.0,"{""success"": 32}",0,Aortic dissection
2,luna,s039,emergency,32,32,0,32,32,32,32,1.0,1.0,0,0,0,32,32,0,0,0.0,0.0,0.0,0.0,"{""success"": 32}",0,Aortic dissection
2,gemini,s039,emergency,32,32,0,32,32,32,32,1.0,1.0,0,0,0,32,32,0,0,0.0,0.0,0.0,0.0,"{""success"": 32}",0,Aortic dissection
2,deepseek,s039,emergency,32,32,0,32,32,32,32,1.0,1.0,0,0,0,32,32,0,0,0.0,0.0,0.0,0.0,"{""success"": 32}",0,Aortic dissection
3,jev,s039,emergency,32,32,0,32,32,32,32,1.0,1.0,0,0,0,32,32,0,0,0.0,0.0,0.0,0.0,"{""success"": 32}",0,Aortic dissection
3,luna,s039,emergency,32,32,0,32,32,32,32,1.0,1.0,0,0,0,32,32,0,0,0.0,0.0,0.0,0.0,"{""success"": 32}",0,Aortic dissection
3,gemini,s039,emergency,32,32,0,32,32,32,32,1.0,1.0,0,0,0,32,32,0,0,0.0,0.0,0.0,0.0,"{""success"": 32}",0,Aortic dissection
3,deepseek,s039,emergency,32,32,0,32,32,32,32,1.0,1.0,0,0,0,32,32,0,0,0.0,0.0,0.0,0.0,"{""success"": 32}",0,Aortic dissection
